feature,importance
num__avg_internal_marks,0.18202965
num__grade_p2,0.14649683
cat__father_job_other,0.03600047
cat__subject_code_MAT,0.027532667
num__grade_p1,0.027201146
bool__extra_activities,0.021212487
num__father_education,0.020910459
num__travel_time,0.01960758
cat__family_size_LE3,0.01907077
cat__subject_code_POR,0.018083014
num__family_relationship,0.017985867
num__absences,0.01721952
bool__wants_higher_education,0.016800705
cat__sex_M,0.016696353
num__weekday_alcohol,0.015976014
cat__school_GP,0.015866153
num__going_out,0.015222824
num__mother_education,0.014518783
cat__reason_reputation,0.014135812
cat__family_size_GT3,0.014126618
num__free_time,0.013962387
cat__sex_F,0.013670759
num__weekend_alcohol,0.013230146
cat__school_MS,0.012932786
bool__attended_nursery,0.012690517
cat__mother_job_other,0.012670708
bool__family_support,0.012487349
num__age,0.0123110935
num__health,0.01215186
cat__father_job_services,0.012141856
bool__paid_classes,0.011867016
cat__reason_home,0.011718216
cat__mother_job_at_home,0.0113236075
bool__romantic,0.011162441
cat__mother_job_health,0.011153679
bool__internet_access,0.011112826
bool__school_support,0.010991073
num__grade_trend,0.010957214
cat__parent_status_A,0.010893824
cat__reason_course,0.010578842
num__study_time,0.010154577
cat__reason_other,0.01011299
num__prior_failures,0.009933602
cat__address_type_R,0.009809536
num__attendance_pct,0.00842044
cat__mother_job_services,0.008268498
cat__father_job_teacher,0.007987041
cat__guardian_mother,0.006102189
cat__father_job_at_home,0.003998786
cat__mother_job_teacher,0.003271376
cat__father_job_health,0.0027267616
cat__guardian_other,0.0025121882
cat__address_type_U,0.0
cat__parent_status_T,0.0
cat__guardian_father,0.0
